allocation_id,indexer,created_at_epoch,grt_allocated
0x485ede1a1f2cf0dacaa74aff4c155c3b15e85776,0x0ee85c30ff1797d9f041261b88c4a58d6d68fbbf,1243,497200.00
0x54244be5a6c57f80774413b426491c39e8c551fa,0x550c1f4814a85aa10f5f061ca8c45e2ee9620226,1243,490071.00
0x31c3c017e778f1666e4dd393ce07d7be0a8feb1e,0xf92f430dd8567b0d466358c79594ab58d919a6d4,1228,316580.00
0xcc8e397c6254c6780826df8b5f49aaa9182d62ec,0xf92f430dd8567b0d466358c79594ab58d919a6d4,1228,195479.00
0xe4cc6d550d4c368c6000a388cb804f89a66d9f20,0xa28a99b0219a34142a9398a19460fcd69250a2b2,1221,70103.60
0x3e287a0d5f9ad08714bf5d19bb1ece7d9e573ce5,0x269ebeee083ce6f70486a67dc8036a889bf322a9,1233,70000.00
0xb57cbf88318e10d164455876eca542c69cacf984,0xf92f430dd8567b0d466358c79594ab58d919a6d4,1229,17337.00
0xba19b47ce2ed32bf34cf73f816d655920971be79,0xf92f430dd8567b0d466358c79594ab58d919a6d4,1222,15900.00
0x7d681a72d884a88688f0d92bf71600726dfce7cd,0xf92f430dd8567b0d466358c79594ab58d919a6d4,1218,15000.00
0x4c72ad9e4d5e383cfea73e005df07810d8c85caa,0xf92f430dd8567b0d466358c79594ab58d919a6d4,1238,15000.00
0x4748312dc24d51e76e0d72fac8164924f26404e3,0xf92f430dd8567b0d466358c79594ab58d919a6d4,1217,15000.00
0x2b9d7b5a0a3fd267f7f023bb3416a6f4393c4956,0xf92f430dd8567b0d466358c79594ab58d919a6d4,1209,15000.00
0x4a8a5582ea73317a1b7ba4dac13b48dc9b3a3490,0x0a015d9e17d3978164486473a2ddbb654418db07,1189,13162.33
0x63bcf90e4a132c0e6e11f7b1f8c1b2c4286f6100,0x0a015d9e17d3978164486473a2ddbb654418db07,1194,13160.73
0x609c8b734ad652ff4ed1e0e748c2c38c217bc04f,0x0a015d9e17d3978164486473a2ddbb654418db07,1194,12791.65
0xa3ccaa016a1c2804dc1bc5877e62ae6772779600,0x0a015d9e17d3978164486473a2ddbb654418db07,1194,12780.75
0x881555cf03d7113638020b1297de9ed5efee5834,0x0a015d9e17d3978164486473a2ddbb654418db07,1194,12780.75
0x41a9477541e5f704d815bba88f9c21b9b3b57a65,0x0a015d9e17d3978164486473a2ddbb654418db07,1194,12749.46
0xa14d3a88a84df2c5d3298b5fa8000b7df92331bc,0x0a015d9e17d3978164486473a2ddbb654418db07,1194,12748.56
0x716a3b4cc282b7e04f1a2b8f76901008f43e7dcd,0x0a015d9e17d3978164486473a2ddbb654418db07,1194,12748.56
0x3a8702c106cdc82d2875ed0d7ce5f9d4424a3900,0x0a015d9e17d3978164486473a2ddbb654418db07,1194,12748.56
0x3369a76e41d730f2bf1a0a6576e4d5aa85cf1549,0x0a015d9e17d3978164486473a2ddbb654418db07,1194,12748.56
0xb4fd59ffe9f81b723dcad32110a1e7b11cd171f5,0x269ebeee083ce6f70486a67dc8036a889bf322a9,1225,10000.00
0x7b0603c51210cee740bac1dce70f153ba92a1c17,0x269ebeee083ce6f70486a67dc8036a889bf322a9,1225,10000.00
0x6fd65606fe4229fc4384334ab2f2fca26ff5e9cf,0x269ebeee083ce6f70486a67dc8036a889bf322a9,1225,10000.00
0x23852428fc9a5a6fff1d37f2979337cc3b8a79e6,0xa28a99b0219a34142a9398a19460fcd69250a2b2,1221,9263.20
0x7135f1fb7e760856a4179515062a7f3594a99d5b,0x0a015d9e17d3978164486473a2ddbb654418db07,1194,8131.58
0x31c387b597ce268563a4d087f162f44c62a96f62,0xf92f430dd8567b0d466358c79594ab58d919a6d4,1235,7033.00
0xd7bef2a0bc2fc2756e4adcf94cb4d32f4ca518f0,0x3717cef8020bddee7a18f4efb2bfa88fefdcb1bc,1231,6540.00
0x69a8833771da078de088074ef31f58c627d557e6,0x0a015d9e17d3978164486473a2ddbb654418db07,1194,6304.35
0x8ae9e0cbbebcb5fe18302abe9ffd035ac6f9a21d,0x0a015d9e17d3978164486473a2ddbb654418db07,1194,6233.97
0xeabc76587301b50aaebc4a5dcb831d867fb7ed3e,0x0a015d9e17d3978164486473a2ddbb654418db07,1194,5111.52
0xdc722447e0c6274574bfdd4afa7672c5e802b5c2,0xf92f430dd8567b0d466358c79594ab58d919a6d4,1224,5000.00
0xd415b9dccfbc894bcfa80f162cdcfcdc9119bb97,0xf92f430dd8567b0d466358c79594ab58d919a6d4,1214,5000.00
0xc2f3de73c9a5d8de0222e24441dabc5cfe7ca9ca,0xf92f430dd8567b0d466358c79594ab58d919a6d4,1224,5000.00
0xb891ea5a407f55c7938a1c98e1cd3d50db012810,0xf92f430dd8567b0d466358c79594ab58d919a6d4,1222,5000.00
0xb07be0e72e7083a31737f5cef9a873a1ff895cb1,0x0a015d9e17d3978164486473a2ddbb654418db07,1194,4800.32
0xdb50f05153369f6e4ea22ef887de13a3b88c0807,0x0a015d9e17d3978164486473a2ddbb654418db07,1189,4625.97
0xebab8e3e6672aa860a02c11cd0d290b2ed3c3718,0x0a015d9e17d3978164486473a2ddbb654418db07,1194,4232.40
0x055eb77e28a94a707e2967e735e50f6354f1938f,0x0a015d9e17d3978164486473a2ddbb654418db07,1179,4134.13
0x20a82a48579754cd6f089be4f0a40e2f2a60e65d,0x0a015d9e17d3978164486473a2ddbb654418db07,1194,4059.95
0x06da626ced0f822cb91faa29c801d2eb5d853afe,0x0a015d9e17d3978164486473a2ddbb654418db07,1179,3705.27
0x1302c00d03771aa966caa3c5f988287bfa303d86,0x0a015d9e17d3978164486473a2ddbb654418db07,1194,3613.83
0xda0e84f7b180d94458ce852938dcb6bfecefe742,0x0a015d9e17d3978164486473a2ddbb654418db07,1194,3588.09
0x7b114f9891e6948ed99a3c6df2baf06c6f4b311f,0x0a015d9e17d3978164486473a2ddbb654418db07,1194,3161.53
0x98ae447da6a3cc9c3cae5b1752a7b8396f3df778,0x0a015d9e17d3978164486473a2ddbb654418db07,1194,3000.00
0x7ae4028c0e4c9dc8693d8527e68bcc8987e6fe82,0x0a015d9e17d3978164486473a2ddbb654418db07,1194,3000.00
0x10225a76466c846aee73ed587bfa43fbccf497da,0x0a015d9e17d3978164486473a2ddbb654418db07,1194,2815.33
0x674c5a1f948a57e8f61554ee3e90f750eb924453,0x0a015d9e17d3978164486473a2ddbb654418db07,1194,2803.77
0xd88a87b7c66d6f603d15c0ef89c71ca1f5859a3a,0x0a015d9e17d3978164486473a2ddbb654418db07,1189,2548.73
0xe52fdcdd8de7bce0d45d70d99bf5bdd5eee51c41,0x0a015d9e17d3978164486473a2ddbb654418db07,1194,2243.60
0x0b5c9f8468c2d138fc08ed4bf93c8d0614eb2ef7,0x0a015d9e17d3978164486473a2ddbb654418db07,1194,2106.47
0x1603611eddb7d0df32f6519341f4eb743937e1a6,0x0a015d9e17d3978164486473a2ddbb654418db07,1194,1807.07
0xc4f5725204198af8450f4843996aaf92df772f6d,0x0a015d9e17d3978164486473a2ddbb654418db07,1194,1751.00
0x13b443441f9cc45c4bacc75e2b2f216fd31780e4,0x0a015d9e17d3978164486473a2ddbb654418db07,1194,1702.62
0xea7c52654f9a7856a7cac9a3c3e05f1d7c0a26f0,0x0a015d9e17d3978164486473a2ddbb654418db07,1194,1619.70
0xc23e45df92c3583ad398b993575dfe3f28bd5336,0x0a015d9e17d3978164486473a2ddbb654418db07,1194,1411.83
0xf08145d01a03833329820df09da05084c31073b6,0x0a015d9e17d3978164486473a2ddbb654418db07,1194,1410.73
0x0223ac0734dcc1de48b97bc5ae295c44ee766bc7,0x0a015d9e17d3978164486473a2ddbb654418db07,1189,1335.39
0x4cdca4b7925f90337d66e8975de2d6c8ab09dd43,0x0a015d9e17d3978164486473a2ddbb654418db07,1194,1156.24
0xedaa85f9479b66596508bf15899e31316f5dce42,0x0a015d9e17d3978164486473a2ddbb654418db07,1194,1116.16
0x9d32c9db87b6b307d790b9a9ea0362ce716a2ecb,0xbdfb5ee5a2abf4fc7bb1bd1221067aef7f9de491,1210,1001.00
